HIP_ID,RA_deg,DEC_deg,V_mag,Parallax,pmRA,pmDE
24608,79.1723294,45.99799111,0.07999999821186066,77.29000091552734,75.52,-427.13
24436,78.63446812,-8.20164055,0.18000000715255737,4.21999979019165,1.87,-0.56
7588,24.42852736,-57.23675749,0.44999998807907104,22.68000030517578,88.02,-40.08
21421,68.9801611,16.50930139,0.8700000047683716,50.09000015258789,62.78,-189.36
25336,81.28276276,6.34970223,1.6399999856948853,13.420000076293945,-8.75,-13.28
25428,81.57297249,28.60745001,1.649999976158142,24.889999389648438,23.28,-174.22
26311,84.05338934,-1.20191983,1.690000057220459,2.430000066757202,1.49,-1.06
26727,85.18969642,-1.94257224,1.7400000095367432,3.990000009536743,3.99,2.54
15863,51.08070979,49.86117959,1.7899999618530273,5.510000228881836,24.11,-26.01
11767,37.95451535,89.26410951,1.9700000286102295,7.559999942779541,44.22,-11.74
9884,31.79336293,23.46242313,2.009999990463257,49.47999954223633,190.73,-145.77
3419,10.8973794,-17.9866046,2.0399999618530273,34.040000915527344,232.79,32.71
677,2.09691071,29.09043199,2.069999933242798,33.599998474121094,135.68,-162.95
5447,17.43301493,35.6205577,2.069999933242798,16.360000610351562,175.59,-112.23
27366,86.93912023,-9.66960478,2.069999933242798,4.519999980926514,1.55,-1.2
14576,47.04221485,40.9556477,2.0899999141693115,35.13999938964844,2.39,-1.44
9640,30.97480447,42.32972473,2.0999999046325684,9.1899995803833,43.08,-50.85
4427,14.17721554,60.71674038,2.1500000953674316,5.320000171661377,25.65,-3.82
3179,10.12683548,56.53733109,2.240000009536743,14.270000457763672,50.36,-32.17
25930,83.00166968,-0.29909204,2.25,3.559999942779541,1.67,0.56
746,2.29452113,59.1497796,2.2799999713897705,59.88999938964844,523.39,-180.42
2081,6.57104571,-42.30598151,2.4000000953674316,42.13999938964844,232.76,-353.64
14135,45.56988401,4.08973396,2.5399999618530273,14.819999694824219,-11.81,-78.76
25985,83.18256633,-17.82228853,2.5799999237060547,2.5399999618530273,3.27,1.54
8903,28.66003816,20.80803505,2.640000104904175,54.7400016784668,96.32,-108.8
26634,84.91224946,-34.07410786,2.6500000953674316,12.15999984741211,-0.1,-24.05
6686,21.45396795,60.23528317,2.6600000858306885,32.810001373291016,297.24,-49.49
23015,74.24841152,33.16609031,2.690000057220459,6.369999885559082,3.63,-18.54
26241,83.8582603,-5.90990135,2.75,2.4600000381469727,2.27,-0.62
23875,76.96243797,-5.08644618,2.7799999713897705,36.709999084472656,-83.39,-75.44
25606,82.06134664,-20.75944097,2.809999942779541,20.489999771118164,-5.03,-85.92
2021,6.43780017,-77.25424559,2.819999933242798,133.77999877929688,2220.12,324.37
1067,3.30897012,15.1835959,2.8299999237060547,9.789999961853027,4.7,-8.24
18246,58.53300625,31.88363552,2.8399999141693115,3.319999933242798,4.41,-9.15
17702,56.87115217,24.10513715,2.8499999046325684,8.869999885559082,19.35,-43.11
9236,29.69247303,-61.5698591,2.859999895095825,45.7400016784668,262.54,26.88
13847,44.56531119,-40.30467242,2.880000114440918,20.219999313354492,-53.53,25.71
18532,59.4634614,40.01021467,2.9000000953674316,6.059999942779541,12.61,-24.06
14328,46.19912802,53.50644013,2.9100000858306885,12.720000267028809,0.5,-4.19
18543,59.50735988,-13.50851533,2.9700000286102295,14.75,60.51,-111.34
26451,84.4111907,21.14254914,2.9700000286102295,7.820000171661377,2.39,-18.04
10064,32.38594522,34.98729693,3.0,26.239999771118164,148.78,-39.13
17358,55.73126161,47.78755139,3.009999990463257,6.179999828338623,23.83,-41.93
23416,75.49222568,43.82330836,3.0299999713897705,1.600000023841858,0.18,-2.31
27628,87.73997037,-35.76830865,3.119999885559082,37.939998626708984,55.74,404.68
23767,76.62871992,41.23447447,3.180000066757202,14.869999885559082,30.6,-68.41
22449,72.46004413,6.96127568,3.190000057220459,124.5999984741211,463.44,11.62
23685,76.3652677,-22.37103258,3.190000057220459,14.390000343322754,19.27,-72.35
17678,56.80975497,-74.23896234,3.259999990463257,15.229999542236328,51.07,115.27
3092,9.83198236,30.86102393,3.2699999809265137,32.189998626708984,115.38,-83.05
24305,78.23292017,-16.20546821,3.2899999618530273,17.690000534057617,45.66,-16.13
21281,68.49907315,-55.04497465,3.299999952316284,18.559999465942383,58.06,12.73
5165,16.5210284,-46.71841361,3.319999933242798,16.459999084472656,-70.16,31.6
14354,46.29413912,38.84027386,3.319999933242798,10.029999732971191,128.69,-106.61
19780,63.60618205,-62.47385803,3.3299999237060547,19.979999542236328,41.64,49.72
8886,28.59885632,63.67010151,3.3499999046325684,7.380000114440918,31.98,-18.66
25281,81.11923643,-2.39714624,3.3499999046325684,3.619999885559082,-0.54,-3.21
26207,83.78448789,9.93415842,3.390000104904175,3.0899999141693115,-1.03,-1.86
20894,67.16558676,15.87088266,3.4000000953674316,21.889999389648438,108.66,-26.39
6867,22.09136277,-43.31823391,3.4100000858306885,13.9399995803833,-18.21,-207.71
18724,60.17006562,12.49034659,3.4100000858306885,8.8100004196167,-8.15,-11.98
8796,28.27044954,29.57882927,3.4200000762939453,50.869998931884766,12.02,-233.69
3821,12.27621323,57.81518734,3.4600000381469727,167.99000549316406,1087.11,-559.65
5364,17.1474649,-10.18226422,3.4600000381469727,27.729999542236328,215.81,-138.33
12706,40.8251625,3.23581853,3.4700000286102295,39.779998779296875,-146.43,-145.27
8102,26.01701214,-15.93748006,3.490000009536743,274.1700134277344,-1721.82,854.07
17378,55.81209088,-9.76339465,3.5199999809265137,110.58000183105469,-91.71,742.23
20889,67.15416474,19.18043155,3.5299999713897705,21.040000915527344,107.23,-36.77
20042,64.47359293,-33.79834786,3.549999952316284,18.270000457763672,62.31,-6.75
27288,86.73891997,-14.82195004,3.549999952316284,46.470001220703125,-14.84,-1.18
1562,4.8569773,-8.82392145,3.559999942779541,11.260000228881836,-14.37,-37.84
10602,34.12743894,-51.51216468,3.559999942779541,21.059999465942383,90.75,-21.9
7607,24.49815046,48.62821317,3.5899999141693115,18.760000228881836,60.9,-112.42
24674,79.40162477,-6.84440942,3.5899999141693115,5.880000114440918,-15.31,-9.57
27072,86.11579339,-22.44838217,3.5899999141693115,111.48999786376953,-292.42,-368.45
6537,21.00585424,-8.18325655,3.5999999046325684,28.479999542236328,-78.38,-206.88
13209,42.49596812,27.26050706,3.609999895095825,20.450000762939453,65.47,-116.59
15900,51.20330738,9.02886984,3.609999895095825,15.420000076293945,-74.25,-80.31
7097,22.87087261,15.34582301,3.619999885559082,11.09000015258789,25.73,-3.29
17847,57.29059399,24.05341547,3.619999885559082,8.569999694824219,17.77,-44.7
20205,64.94834891,15.62764232,3.6500000953674316,21.170000076293945,115.29,-23.86
22549,72.80151623,5.60510396,3.680000066757202,2.5899999141693115,-3.62,1.03
2920,9.24285251,53.89690937,3.690000057220459,5.460000038146973,17.77,-9.15
9007,28.98946829,-51.60889586,3.690000057220459,57.189998626708984,681.24,284.23
23453,75.61952888,41.07583744,3.690000057220459,4.139999866485596,8.88,-21.43
15474,49.87917471,-21.75786384,3.700000047683716,12.630000114440918,51.35,32.2
22797,73.56290198,2.44067205,3.7100000381469727,2.430000066757202,1.43,0.23
16537,53.23268409,-9.45826215,3.7200000286102295,310.75,-976.44,17.97
17499,56.2189055,24.11333922,3.7200000286102295,8.800000190734863,21.55,-44.92
16083,51.79230269,9.73267975,3.7300000190734863,14.680000305175781,53.61,-38.12
8645,27.86513997,-10.33503772,3.740000009536743,12.59000015258789,38.78,-38.04
26069,83.40632371,-62.48982532,3.759999990463257,3.140000104904175,1.06,12.56
27654,87.83039904,-20.87908866,3.759999990463257,29.049999237060547,228.96,-647.96
13268,42.67420868,55.89549611,3.7699999809265137,2.450000047683716,16.64,-13.76
17529,56.29846606,42.57854862,3.7699999809265137,5.860000133514404,-14.59,1.75
20455,65.73372189,17.5425142,3.7699999809265137,21.290000915527344,107.75,-28.84
26549,84.68653333,-2.60006888,3.7699999809265137,2.8399999141693115,4.61,-0.4
14668,47.37404785,44.8575437,3.7899999618530273,29.049999237060547,173.01,-142.05
14879,48.01886556,-28.98761809,3.799999952316284,70.86000061035156,371.49,612.26
21393,68.88766065,-30.56234148,3.809999942779541,15.619999885559082,-48.92,-12.75
9487,30.5117503,2.76375946,3.819999933242798,23.450000762939453,33.29,-0.42
17440,56.0499063,-64.80690264,3.8399999141693115,32.709999084472656,308.39,78.72
17448,56.07971679,32.28824817,3.8399999141693115,2.2100000381469727,8.11,-10.32
20885,67.14373289,15.96218073,3.8399999141693115,20.65999984741211,104.76,-15.01
19747,63.50047645,-42.29436792,3.8499999046325684,27.850000381469727,41.89,-203.65
27321,86.82119852,-51.06651408,3.8499999046325684,51.869998931884766,4.65,81.96
4436,14.18838148,38.49934462,3.859999895095825,23.93000030517578,152.78,36.82
21594,69.54510028,-14.30401978,3.859999895095825,29.84000015258789,-77.86,-178.06
25859,82.80314914,-35.47051883,3.859999895095825,11.770000457763672,28.36,-34.11
17573,56.45669431,24.36774851,3.869999885559082,9.0600004196167,21.09,-45.03
765,2.35267495,-45.74742618,3.880000114440918,23.280000686645508,122.15,-180.13
8832,28.38255961,19.29385177,3.880000114440918,15.960000038146973,79.43,-99.1
13701,44.10687368,-8.89814446,3.890000104904175,24.489999771118164,77.73,-219.99
18907,60.78908352,5.98930513,3.9100000858306885,25.239999771118164,5.52,-1.63
2072,6.55084089,-43.67982953,3.930000066757202,42.5099983215332,106.14,32.83
7083,22.81293588,-49.07270222,3.930000066757202,22.149999618530273,138.22,154.2
13531,43.56441901,52.7624789,3.930000066757202,13.149999618530273,-1.99,-4.53
21444,69.07975664,-3.35245903,3.930000066757202,5.559999942779541,1.73,-4.54
5348,17.09617396,-55.24576016,3.940000057220459,11.65999984741211,21.17,29.7
9598,30.85877233,72.42129433,3.950000047683716,20.1200008392334,-44.0,22.51
19343,62.1653782,47.71251275,3.9600000381469727,5.889999866485596,20.19,-33.26
20535,66.00923865,-34.01684639,3.9700000286102295,11.949999809265137,73.77,57.57
27673,87.87249592,39.14848031,3.9700000286102295,15.170000076293945,8.48,0.39
18614,59.74125467,35.7910326,3.9800000190734863,1.840000033378601,1.92,2.3
9347,30.00128317,-21.07783155,3.990000009536743,10.84000015258789,133.01,-24.53
8068,25.91515608,50.68873247,4.010000228881836,4.550000190734863,24.08,-13.59
22109,71.37562968,-3.25465749,4.010000228881836,6.130000114440918,17.27,-13.51
10670,34.32861359,33.84719358,4.03000020980835,27.729999542236328,44.91,-52.42
23522,75.8545419,60.44224552,4.03000020980835,3.2699999809265137,-6.11,-14.78
19587,62.96641752,-6.83758114,4.039999961853027,25.979999542236328,11.92,81.28
14632,47.26674871,49.61327752,4.050000190734863,94.93000030517578,1262.29,-91.53
22957,74.09281008,13.51446582,4.059999942779541,19.260000228881836,-77.77,-45.97
3693,11.83468919,24.26717799,4.079999923706055,17.979999542236328,-101.23,-81.89
11001,35.43726143,-68.65941811,4.079999923706055,24.100000381469727,-50.07,2.38
12387,39.87065299,0.32851065,4.079999923706055,5.039999961853027,14.44,-2.53
14146,45.59791746,-23.62447166,4.079999923706055,37.849998474121094,-145.96,-55.76
26366,84.22661625,9.29067267,4.090000152587891,28.100000381469727,96.84,-304.18
7513,24.19934491,41.40545884,4.099999904632568,74.25,-172.57,-381.01
12777,41.04994313,49.22844773,4.099999904632568,89.02999877929688,334.03,-89.96
12486,40.1668101,-39.8553755,4.110000133514404,22.420000076293945,135.17,-27.34
12394,39.897339,-68.26694624,4.119999885559082,21.270000457763672,87.4,0.56
19812,63.72442567,48.40933095,4.119999885559082,4.510000228881836,5.04,-17.35
25247,80.98678426,-7.80806458,4.130000114440918,18.709999084472656,-13.91,-44.8
16369,52.71824299,12.93667809,4.139999866485596,9.050000190734863,18.94,-1.55
17608,56.58155765,23.94835836,4.139999866485596,9.079999923706055,21.17,-42.67
2599,8.24996522,62.93178271,4.170000076293945,0.7900000214576721,3.99,-2.1
17874,57.3635215,-36.20025014,4.170000076293945,15.539999961853027,-49.42,-56.63
25813,82.69604907,5.94813905,4.199999809265137,11.300000190734863,6.57,-32.45
16228,52.26722286,59.94033011,4.210000038146973,0.7599999904632568,-0.82,-1.85
20635,66.34235536,22.2938737,4.210000038146973,21.270000457763672,105.49,-44.14
13254,42.64608204,38.31864364,4.21999979019165,25.540000915527344,195.68,-108.92
17651,56.71203143,-23.24972265,4.21999979019165,55.790000915527344,-159.86,-528.54
1599,5.01775052,-64.87479041,4.230000019073486,116.37999725341797,1707.56,1165.36
5372,17.18698865,86.25709041,4.239999771118164,10.430000305175781,80.34,-11.36
11407,36.74634294,-47.70384014,4.239999771118164,6.170000076293945,19.97,-5.44
12770,41.03062458,-13.85869636,4.239999771118164,7.400000095367432,-7.58,-8.4
5896,18.94233654,-68.87592733,4.25,48.939998626708984,411.11,127.43
19167,61.64601411,50.35126182,4.25,9.40999984741211,-13.03,-36.37
21402,68.913584,10.16078965,4.25,21.68000030517578,44.89,-52.42
21476,69.1726226,41.26480803,4.25,5.079999923706055,-5.42,-19.19
23972,77.28659571,-8.75408096,4.25,1.8600000143051147,0.0,-2.01
5434,17.37552272,47.24179245,4.260000228881836,4.429999828338623,3.81,-13.02
8198,26.34846064,9.15773579,4.260000228881836,12.630000114440918,70.82,38.99
15510,49.98187828,-43.06978344,4.260000228881836,165.02000427246094,3038.08,726.34
16611,53.44698381,-21.63288274,4.260000228881836,11.020000457763672,44.91,-27.47
19893,64.00660681,-51.486648,4.260000228881836,49.2599983215332,100.57,184.23
22783,73.51254722,66.34267806,4.260000228881836,0.4699999988079071,0.49,7.31
4906,15.73586845,7.89013546,4.269999980926514,17.139999389648438,-80.57,25.88
12828,41.23559307,10.1141459,4.269999980926514,38.709999084472656,285.17,-30.4
19860,63.88357189,8.89235703,4.269999980926514,7.5,20.39,-21.75
21589,69.53942698,12.51083801,4.269999980926514,21.790000915527344,101.73,-14.9
21881,70.56125702,22.95692604,4.269999980926514,8.140000343322754,-2.84,-20.33
20711,66.57693136,22.81358255,4.28000020980835,21.06999969482422,108.66,-45.83
16852,54.21826338,0.40166163,4.289999961853027,72.88999938964844,-232.69,-482.0
24845,79.89385195,-13.1767885,4.289999961853027,3.0299999713897705,-2.49,-4.74
4577,14.65150376,-29.35744905,4.300000190734863,4.849999904632568,22.44,6.3
11484,37.03976038,8.46005355,4.300000190734863,18.530000686645508,41.72,-14.46
17531,56.30206043,24.46727761,4.300000190734863,8.75,19.35,-41.63
17797,57.14949492,-37.62015476,4.300000190734863,20.229999542236328,75.83,-10.69
20648,66.37243249,17.92791025,4.300000190734863,22.049999237060547,108.26,-32.47
16826,54.12241189,48.19263365,4.320000171661377,4.659999847412109,21.41,-27.58
21763,70.11046417,-19.67149284,4.320000171661377,9.029999732971191,28.21,-97.09
25945,83.05312933,18.59423429,4.320000171661377,1.7000000476837158,-0.34,-4.51
2912,9.22020689,33.71934362,4.340000152587891,4.96999979019165,15.23,-3.56
3031,9.63894077,29.31175144,4.340000152587891,19.34000015258789,-229.41,-254.08
5542,17.77567508,55.14990064,4.340000152587891,23.729999542236328,226.62,-19.34
27100,86.19324494,-65.73552592,4.340000152587891,22.479999542236328,-28.38,6.12
14838,47.90735613,19.72667738,4.349999904632568,19.440000534057617,154.61,-8.39
22509,72.65300729,8.90017585,4.349999904632568,16.84000015258789,-0.87,-31.57
2484,7.88611087,-62.95821764,4.360000133514404,23.350000381469727,82.48,-54.37
3405,10.83849351,-57.46305996,4.360000133514404,13.569999694824219,-5.16,15.5
10324,33.24998125,8.8467173,4.360000133514404,9.010000228881836,-26.23,-14.4
16335,52.64368152,47.99521606,4.360000133514404,9.229999542236328,1.56,18.13
19038,61.17381506,22.08192566,4.360000133514404,18.040000915527344,91.73,-58.52
22701,73.22362423,-5.45269507,4.360000133514404,14.390000343322754,-18.01,25.03
24327,78.30782374,-12.94129154,4.360000133514404,5.829999923706055,-12.22,-1.32
154,0.490079,-6.01407212,4.369999885559082,7.860000133514404,46.62,-41.32
8837,28.41142371,-46.30266861,4.389999866485596,10.149999618530273,-92.38,-91.46
17884,57.38034127,65.52597247,4.389999866485596,3.380000114440918,-2.5,-13.98
26176,83.70515458,9.48957923,4.389999866485596,3.309999942779541,-1.24,-2.49
27913,88.59576026,20.27617455,4.389999866485596,115.43000030517578,-163.17,-98.92
4463,14.30166657,23.41764802,4.400000095367432,13.4399995803833,-43.72,-46.06
17593,56.53556491,-12.10158939,4.429999828338623,6.559999942779541,55.59,60.03
19849,63.81800057,-7.65287058,4.429999828338623,198.24000549316406,-2239.33,-3419.86
23040,74.3216524,53.75210119,4.429999828338623,8.680000305175781,-24.17,7.53
1170,3.66006652,-18.93286561,4.440000057220459,6.619999885559082,-27.15,-73.78
3786,12.17060122,7.58507917,4.440000057220459,10.6899995803833,83.14,-50.48
19921,64.12095285,-59.30215628,4.440000057220459,54.84000015258789,-47.99,-167.81
21770,70.14046881,-41.86375251,4.440000057220459,49.66999816894531,-141.18,-74.95
7884,25.35789264,5.48761322,4.449999809265137,8.859999656677246,-22.73,3.61
13147,42.27258148,-32.40589767,4.449999809265137,19.309999465942383,86.96,158.96
24244,78.07459272,-11.86921875,4.449999809265137,13.529999732971191,24.95,-31.22
11569,37.26644081,67.40247393,4.460000038146973,23.040000915527344,-27.92,37.06
18255,58.57292521,-2.95472986,4.460000038146973,9.460000038146973,26.42,1.49
24331,78.32283913,2.86126547,4.460000038146973,9.489999771118164,3.05,4.94
12843,41.27577129,-18.57256259,4.46999979019165,71.55999755859375,330.93,36.28
15549,50.08483666,29.04845844,4.46999979019165,5.090000152587891,-8.21,-16.42
23123,74.63709138,1.71401579,4.46999979019165,3.4200000762939453,-1.59,-7.93
3504,11.1813238,48.2843641,4.480000019073486,3.5999999046325684,17.79,-7.62
18744,60.22419697,-62.15928428,4.480000019073486,6.650000095367432,1.8,34.95
20713,66.58642154,15.61826526,4.480000019073486,20.860000610351562,114.66,-33.3
9480,30.48938612,70.90702007,4.489999771118164,27.90999984741211,-54.46,-10.69
21248,68.37730272,-29.7664919,4.489999771118164,26.219999313354492,-114.35,-271.56
26594,84.79644308,4.12146684,4.5,2.009999990463257,0.76,0.07
27530,87.45692625,-56.16666304,4.5,18.780000686645508,81.61,-71.77
1473,4.5819037,36.78522405,4.510000228881836,23.110000610351562,-66.51,-42.48
5586,17.9151534,30.08963821,4.510000228881836,20.110000610351562,74.29,-37.61
27483,87.29349215,39.18107112,4.510000228881836,15.34000015258789,-28.42,-25.55
13061,41.97725287,29.24711818,4.519999980926514,18.059999465942383,148.42,-125.76
2487,7.88945045,-62.96556114,4.53000020980835,18.950000762939453,87.95,-45.79
3881,12.45353036,41.07891087,4.53000020980835,4.800000190734863,22.68,-18.05
24727,79.5440374,33.37161284,4.539999961853027,13.920000076293945,29.86,-160.98
301,0.93495762,-17.33598771,4.550000190734863,14.3100004196167,28.57,-7.28
16281,52.47809925,58.87874967,4.550000190734863,1.3200000524520874,-1.94,-1.14
23595,76.10167557,-35.48297839,4.550000190734863,17.6299991607666,126.17,-44.36
13328,42.87848975,35.05974098,4.559999942779541,7.96999979019165,9.29,-63.02
18597,59.68645594,-61.40018557,4.559999942779541,6.150000095367432,9.79,-14.39
27830,88.33185862,27.61226208,4.559999942779541,7.449999809265137,3.82,-9.58
16870,54.27366762,-40.27454534,4.570000171661377,14.880000114440918,2.77,-14.23
26237,83.8465174,-4.83835783,4.579999923706055,4.150000095367432,4.29,-7.15
3245,10.33146537,-46.08500681,4.590000152587891,13.1899995803833,-28.92,1.04
17351,55.70856433,-37.31351844,4.590000152587891,18.34000015258789,-90.81,-71.42
17959,57.5896213,71.33226569,4.590000152587891,9.729999542236328,18.27,-42.0
25473,81.70928488,3.09567448,4.590000152587891,2.299999952316284,0.34,-1.11
20070,64.56090838,50.29550228,4.599999904632568,10.25,46.59,-56.43
443,1.33392048,-5.7076182,4.610000133514404,25.3799991607666,-8.29,88.19
1366,4.27290947,38.68163564,4.610000133514404,12.880000114440918,-50.01,-17.9
8833,28.38896,3.18753653,4.610000133514404,17.110000610351562,23.69,23.9
14817,47.82242336,39.61158237,4.610000133514404,10.6899995803833,-26.21,4.78
4422,14.1662713,59.18105564,4.619999885559082,15.84000015258789,-92.56,-45.33
18673,59.98118081,-24.01621526,4.619999885559082,9.850000381469727,11.41,17.08
23497,75.7739472,21.58996241,4.619999885559082,20.010000228881836,68.94,-40.85
25923,82.98274987,-7.30153704,4.619999885559082,2.109999895095825,-0.54,-4.44
13914,44.8030237,21.34042885,4.630000114440918,11.149999618530273,-13.04,-6.55
18216,58.42792843,-24.61222998,4.639999866485596,8.460000038146973,30.93,-7.18
22845,73.72386617,10.1508331,4.639999866485596,27.040000915527344,40.08,-128.37
12719,40.86296995,27.70714655,4.650000095367432,8.819999694824219,3.51,-9.97
21273,68.46215732,14.84442444,4.650000095367432,21.389999389648438,103.69,-25.94
23607,76.14228959,15.40410527,4.650000095367432,8.149999618530273,18.4,-30.99
27890,88.52522878,-63.08962721,4.650000095367432,36.66999816894531,120.11,573.43
5571,17.8634175,21.03465004,4.659999847412109,7.420000076293945,41.66,-10.55
8497,27.39626131,-10.68641035,4.659999847412109,42.349998474121094,-148.9,-94.47
5742,18.4372798,24.58371315,4.670000076293945,8.640000343322754,18.58,-21.26
16244,52.34187591,49.50894827,4.670000076293945,5.840000152587891,22.16,-29.18
19811,63.72215672,40.48367149,4.670000076293945,5.199999809265137,9.72,-21.58
21683,69.81875764,15.91797673,4.670000076293945,20.510000228881836,82.4,-19.53
7294,23.48282037,59.23204031,4.679999828338623,15.960000038146973,-43.06,-23.18
8928,28.73388091,-67.6473033,4.679999828338623,15.039999961853027,76.0,73.17
9677,31.12266035,-29.2968189,4.679999828338623,9.029999732971191,12.56,8.54
13879,44.69029205,39.66272854,4.679999828338623,10.020000457763672,25.88,-40.67
20732,66.65155089,14.71378193,4.690000057220459,7.170000076293945,-7.57,-31.15
24813,79.78531028,40.0990515,4.690000057220459,79.08000183105469,519.39,-664.79
24927,80.11216036,-21.23976341,4.699999809265137,7.110000133514404,10.78,-9.91
13954,44.92875737,8.90736485,4.710000038146973,7.690000057220459,9.22,-14.92
16245,52.3444899,-62.93752748,4.710000038146973,46.650001525878906,383.05,373.11
22667,73.13317557,14.25064185,4.710000038146973,6.019999980926514,-2.62,-56.13
23693,76.37773246,-57.47270388,4.710000038146973,85.83000183105469,-31.87,117.42
25737,82.43325693,-1.09223896,4.710000038146973,7.150000095367432,0.19,-26.08
25984,83.18197064,32.19202168,4.710000038146973,0.800000011920929,-1.81,-4.0
6692,21.48342387,68.13001258,4.71999979019165,16.889999389648438,75.07,26.82
25044,80.44061639,-0.38246516,4.71999979019165,2.5299999713897705,0.45,1.67
27639,87.76015574,37.30557296,4.71999979019165,6.860000133514404,36.96,-44.76
11313,36.40592791,50.278631,4.730000019073486,9.460000038146973,23.79,-14.35
2505,7.94316214,54.52228873,4.739999771118164,9.199999809265137,40.78,-14.81
6193,19.86664622,27.26405858,4.739999771118164,10.489999771118164,26.21,-11.62
11783,38.02178461,-15.2446768,4.739999771118164,38.72999954223633,-80.92,-146.84
12413,39.94996945,-42.89166991,4.739999771118164,25.149999618530273,92.11,-15.07
15520,49.99696958,65.65229236,4.739999771118164,4.070000171661377,11.27,-14.32
16341,52.65440695,-5.07514548,4.739999771118164,8.569999694824219,13.31,7.34
2472,7.85408632,-48.80351439,4.760000228881836,18.969999313354492,140.74,19.47
13244,42.61858328,-75.06694714,4.760000228881836,9.920000076293945,-33.95,-27.18
13288,42.7596731,-21.00401932,4.760000228881836,17.850000381469727,-39.0,-16.63
27750,88.11016089,1.85513381,4.760000228881836,2.930000066757202,-7.09,-9.91
3455,11.04750551,-10.60955044,4.769999980926514,15.539999961853027,-6.96,-113.88
14382,46.38504744,56.70571907,4.769999980926514,15.949999809265137,-13.49,70.34
26563,84.72117914,-7.21282887,4.769999980926514,21.239999771118164,-15.0,-49.55
122,0.39876554,-77.06572447,4.78000020980835,14.770000457763672,-56.52,-176.95
4147,13.2520596,-1.14426019,4.78000020980835,6.28000020980835,6.49,-16.29
9977,32.12191579,37.8590773,4.78000020980835,16.479999542236328,154.22,-43.64
17587,56.50971428,63.34504728,4.78000020980835,4.079999923706055,-0.94,-8.41
21029,67.64013694,16.19401446,4.78000020980835,22.540000915527344,104.98,-25.14
23231,74.98223836,-12.53741569,4.78000020980835,11.210000038146973,40.37,-86.89
26199,83.76117307,-6.00202702,4.78000020980835,1.75,0.59,0.68
1168,3.65068528,20.20670177,4.789999961853027,10.010000228881836,90.66,1.88
9153,29.48215492,23.59606098,4.789999961853027,24.489999771118164,-91.51,-14.45
22678,73.15825132,36.70318691,4.789999961853027,5.809999942779541,-25.97,-3.89
3300,10.51623134,50.51252576,4.800000190734863,2.940000057220459,12.32,-6.48
4151,13.267486,61.12396986,4.800000190734863,53.849998474121094,-68.45,169.72
15197,48.95843559,-8.81972986,4.800000190734863,27.18000030517578,-3.82,45.52
20354,65.38819502,46.4988779,4.800000190734863,7.03000020980835,21.41,-34.97
20542,66.02400423,17.44413026,4.800000190734863,22.360000610351562,109.99,-33.47
23364,75.35976995,-7.17396548,4.800000190734863,3.4100000858306885,-0.23,5.16
24010,77.42481287,15.59723234,4.809999942779541,10.239999771118164,-7.12,-16.14
24372,78.43939254,-67.18525507,4.809999942779541,5.96999979019165,18.18,38.96
24659,79.37120834,-34.89520756,4.809999942779541,29.6299991607666,93.71,-336.53
9095,29.29200196,-47.38527732,4.820000171661377,12.220000267028809,101.65,8.79
24340,78.35715692,38.48449794,4.820000171661377,20.079999923706055,-18.66,-72.41
4292,13.75065219,58.97269767,4.829999923706055,8.020000457763672,-32.24,-40.69
6813,21.91409059,45.40668716,4.829999923706055,35.33000183105469,356.99,-109.32
12390,39.89097607,-11.87215595,4.829999923706055,36.9900016784668,172.01,-236.31
12876,41.38597694,-67.61661701,4.829999923706055,11.0600004196167,66.5,44.02
7007,22.5463128,6.14382046,4.840000152587891,9.050000190734863,293.23,-46.36
10340,33.30551686,44.23165196,4.840000152587891,5.860000133514404,-20.58,-15.25
10644,34.26345869,34.22423111,4.840000152587891,92.19999694824219,1151.61,-246.32
15457,49.84040002,3.37019788,4.840000152587891,109.18000030517578,268.88,93.53
19740,63.48493908,9.26382406,4.840000152587891,8.779999732971191,-9.42,-30.6
26777,85.323828,16.53414784,4.840000152587891,4.360000133514404,5.42,-14.54
14862,47.98445775,74.39365924,4.849999904632568,20.149999618530273,14.46,-86.21
15416,49.68260357,34.2226526,4.849999904632568,2.2100000381469727,1.29,-8.68
2210,6.9820767,-33.00716708,4.860000133514404,5.949999809265137,-20.48,-50.39
15382,49.59209811,-22.51111801,4.860000133514404,12.789999961853027,12.55,13.07
6411,20.58508262,45.52877782,4.869999885559082,16.68000030517578,32.21,8.73
12093,38.96863365,5.59324631,4.869999885559082,8.770000457763672,-28.89,-22.76
15110,48.72540048,21.04444121,4.869999885559082,9.59000015258789,-29.83,-77.15
19777,63.59870269,-10.25628292,4.869999885559082,15.800000190734863,-7.61,-162.11
11345,36.48752198,-12.29047964,4.880000114440918,6.170000076293945,-11.71,-11.37
25539,81.90868809,21.93696527,4.880000114440918,4.690000057220459,1.75,-6.96
27468,87.25403003,24.5675349,4.880000114440918,6.25,12.07,-8.16
27810,88.27867158,-33.80136075,4.880000114440918,9.550000190734863,-4.52,32.4
910,2.81607181,-15.46797744,4.889999866485596,52.939998626708984,-84.2,-269.31
22453,72.47765965,37.48827484,4.889999866485596,6.179999828338623,-38.4,38.48
25302,81.18677733,1.84644465,4.889999866485596,2.940000057220459,0.12,-0.6
27511,87.38721058,12.65132367,4.889999866485596,12.0,-21.63,-17.35
3801,12.20842239,50.96816767,4.900000095367432,8.369999885559082,30.28,-9.82
6670,21.40514554,-14.5987963,4.900000095367432,11.3100004196167,42.54,-17.25
26885,85.61930036,1.47462889,4.900000095367432,10.800000190734863,-55.34,-14.85
12623,40.56214992,40.19394381,4.909999847412109,40.52000045776367,-16.84,-182.29
21139,67.96944698,-0.04401101,4.909999847412109,3.930000066757202,-3.76,-8.17
23362,75.35658602,-20.05191838,4.909999847412109,15.600000381469727,36.68,-15.47
23835,76.8625253,18.64505209,4.909999847412109,63.02000045776367,536.05,18.51
9061,29.16749154,-22.52678491,4.920000076293945,8.180000305175781,62.22,-30.19
19515,62.71078866,-41.99357326,4.929999828338623,18.610000610351562,199.09,69.1
19990,64.31525283,20.57859097,4.929999828338623,34.869998931884766,-40.88,-61.45
20252,65.10265987,34.56672527,4.929999828338623,14.420000076293945,-24.95,-7.0
23179,74.81420672,37.89024467,4.929999828338623,20.5,46.26,-97.81
10280,33.09283449,30.30306664,4.940000057220459,10.680000305175781,-64.59,-61.07
13905,44.76531915,35.18312827,4.940000057220459,9.3100004196167,-46.49,5.81
3414,10.86695727,47.02454625,4.949999809265137,18.709999084472656,-24.52,-37.16
6242,20.02048422,58.23161078,4.949999809265137,1.399999976158142,-1.31,-2.19
18505,59.35602208,63.07226405,4.949999809265137,9.649999618530273,7.58,6.01
26736,85.21131127,-1.12878734,4.949999809265137,1.559999942779541,-1.85,-0.68
7818,25.14507074,40.57704912,4.960000038146973,4.789999961853027,16.67,-23.5
7918,25.44642903,42.613369,4.960000038146973,79.08999633789062,791.35,-180.16
11918,38.46126669,-28.2323435,4.960000038146973,7.190000057220459,-12.69,-1.4
15648,50.36066117,43.32965082,4.960000038146973,21.0,-60.43,-0.38
20877,67.10987536,16.35967226,4.960000038146973,16.780000686645508,8.12,17.79
24822,79.81917563,22.09649397,4.960000038146973,15.829999923706055,19.62,-81.08
27949,88.71159201,55.70694671,4.960000038146973,13.539999961853027,-3.65,17.2
5862,18.79633762,-45.53166422,4.96999979019165,66.43000030517578,664.47,178.12
9009,29.00010816,68.6852418,4.96999979019165,4.650000095367432,13.82,-9.73
17313,55.59436099,33.96502633,4.96999979019165,3.5299999713897705,4.39,-5.21
18772,60.32563108,-61.07882177,4.96999979019165,9.850000381469727,66.66,94.51
20250,65.0883987,27.35075361,4.96999979019165,9.529999732971191,-29.04,-76.97
7999,25.68129205,-3.69020048,4.980000019073486,2.7100000381469727,-11.67,-34.38
10053,32.35556808,25.93989223,4.980000019073486,10.1899995803833,77.5,-33.1
13884,44.69915268,-64.07128407,4.980000019073486,10.399999618530273,22.96,5.39
23783,76.66929484,51.59772034,4.980000019073486,38.13999938964844,-29.31,-173.95
26220,83.81592671,-5.38731504,4.980000019073486,-1.850000023841858,-0.92,0.13
26235,83.84542001,-5.41605966,4.980000019073486,1.7200000286102295,1.68,1.5
355,1.12549376,-10.5095233,4.989999771118164,2.0299999713897705,-6.49,-11.88
9505,30.57545056,54.4875412,4.989999771118164,4.409999847412109,33.79,-3.4
16147,52.01279024,49.06286627,4.989999771118164,5.71999979019165,21.94,-26.83
17304,55.56209453,-31.93836128,4.989999771118164,4.449999809265137,5.16,14.23
18488,59.28453577,61.10888286,4.989999771118164,1.7599999904632568,-3.4,-14.06
21644,69.72314537,-12.12312125,4.989999771118164,14.34000015258789,-65.1,-17.68
25142,80.70833393,3.54445246,4.989999771118164,3.390000104904175,-2.0,1.8
19018,61.11317347,59.15550727,5.0,1.8799999952316284,-1.79,-0.38
25278,81.10609747,17.38353401,5.0,68.19000244140625,250.4,-7.42
841,2.58019098,46.07227168,5.010000228881836,3.240000009536743,4.51,0.21
2219,7.01214583,17.89312479,5.010000228881836,6.650000095367432,114.91,20.48
7719,24.83750969,44.38616461,5.010000228881836,13.460000038146973,-20.49,14.95
23430,75.54092425,-26.27502946,5.010000228881836,13.449999809265137,85.79,-76.63
24504,78.85163722,32.68760021,5.010000228881836,12.140000343322754,-27.05,12.47
20901,67.20901684,13.0476024,5.019999980926514,20.329999923706055,105.17,-15.08
25292,81.16309118,37.38534566,5.019999980926514,6.349999904632568,-0.27,-12.13
9836,31.64135619,22.64831693,5.03000020980835,17.399999618530273,20.62,-35.84
22479,72.54840181,-16.21715883,5.03000020980835,13.399999618530273,44.95,51.26
183,0.58300278,-29.72041402,5.039999961853027,6.400000095367432,9.66,14.0
5317,17.00353724,43.94209203,5.039999961853027,16.610000610351562,160.96,-61.32
8241,26.52609562,-53.52203715,5.039999961853027,17.540000915527344,126.45,59.04
15219,49.05084766,50.93766392,5.039999961853027,3.9100000858306885,-1.31,-19.23
21861,70.51450254,-37.14429672,5.039999961853027,36.15999984741211,46.9,193.14
15444,49.78182858,50.09496612,5.050000190734863,6.78000020980835,22.38,-25.26
17851,57.29673351,24.13671205,5.050000190734863,8.420000076293945,18.71,-46.74
23649,76.24172658,-49.5778375,5.050000190734863,6.880000114440918,68.74,-3.03
24879,80.00383775,33.95805371,5.050000190734863,1.059999942779541,0.02,-3.68
17296,55.53885419,63.21680592,5.059999942779541,6.269999980926514,-16.97,19.34
24505,78.85155213,-26.94350871,5.059999942779541,11.979999542236328,10.88,-29.41
25045,80.44272695,-24.77298153,5.059999942779541,11.09000015258789,-20.55,-12.99
2578,8.18293786,-63.03149984,5.070000171661377,21.520000457763672,86.15,-49.85
3810,12.24461788,16.94064377,5.070000171661377,41.79999923706055,-2.33,-201.57
14954,48.1934853,-1.19610121,5.070000171661377,44.689998626708984,193.43,-69.23
21060,67.70874876,-44.95374954,5.070000171661377,4.590000152587891,2.44,-2.48
21727,69.97783327,53.07953529,5.070000171661377,6.579999923706055,-7.38,-15.95
25282,81.1204506,-0.89132828,5.070000171661377,18.93000030517578,-5.03,140.19
2854,9.03462681,54.16845015,5.079999923706055,6.449999809265137,22.98,-1.52
17771,57.06778675,11.14329389,5.079999923706055,5.769999980926514,28.25,-29.82
21673,69.7884039,15.79984564,5.079999923706055,21.489999771118164,32.4,-77.67
22565,72.84359342,18.83986122,5.079999923706055,17.270000457763672,79.66,-32.76
25110,80.63971624,79.23114864,5.079999923706055,47.65999984741211,-78.6,161.13
25541,81.91202636,34.4758921,5.079999923706055,8.140000343322754,-1.44,-38.81
3781,12.14757205,-74.92343763,5.090000152587891,15.9399995803833,133.21,-34.59
9110,29.33772674,17.81753177,5.090000152587891,4.949999809265137,34.28,-23.71
16292,52.50076524,55.45180834,5.090000152587891,17.06999969482422,-45.38,-11.77
23265,75.08633624,81.19408784,5.090000152587891,9.460000038146973,0.99,27.47
13775,44.32201066,31.93421866,5.099999904632568,8.430000305175781,3.02,-31.13
15737,50.68850607,20.74206893,5.099999904632568,10.229999542236328,-49.22,-14.88
19461,62.51143299,80.69868138,5.099999904632568,9.4399995803833,-11.57,3.0
20522,65.9659383,9.46096761,5.099999904632568,8.229999542236328,-21.02,-6.65
27534,87.47300266,-66.90118696,5.099999904632568,6.369999885559082,-22.1,18.08
6960,22.40056313,-21.62933894,5.110000133514404,14.720000267028809,55.64,3.22
18213,58.41227864,-34.73229726,5.110000133514404,9.1899995803833,31.99,-0.81
23941,77.18208035,-4.45620729,5.110000133514404,39.9900016784668,55.62,16.03
8882,28.59180481,-42.49694992,5.119999885559082,10.550000190734863,-34.32,-28.34
14240,45.90341436,-59.73777523,5.119999885559082,23.670000076293945,-72.81,-63.89
23794,76.69021954,-4.65516319,5.119999885559082,11.649999618530273,10.05,0.0
145,0.45603512,-3.02750382,5.130000114440918,7.980000019073486,18.9,-10.25
1158,3.61511753,-7.7805321,5.130000114440918,5.210000038146973,61.01,2.36
6061,19.44981588,3.61446601,5.130000114440918,14.829999923706055,-48.38,-22.37
11477,37.00709608,-33.81103904,5.130000114440918,21.350000381469727,18.56,5.52
15890,51.16898714,64.5859965,5.130000114440918,2.609999895095825,-3.24,0.13
26221,83.81860638,-5.38969592,5.130000114440918,-1.850000023841858,-0.92,0.13
2900,9.19350416,44.48858693,5.139999866485596,4.96999979019165,-36.7,31.77
5799,18.60016589,-7.92282573,5.139999866485596,41.0099983215332,123.67,277.58
16322,52.60195391,11.33644221,5.139999866485596,7.820000171661377,-11.71,-16.08
17886,57.38620754,33.09138215,5.139999866485596,10.960000038146973,-18.15,0.3
25429,81.58028197,-58.9125204,5.139999866485596,6.980000019073486,-8.22,32.22
5544,17.77819712,31.42473633,5.150000095367432,5.820000171661377,-8.7,-12.02
9459,30.42656778,-44.71350896,5.150000095367432,8.760000228881836,-31.8,-48.79
11784,38.02571027,36.14727125,5.150000095367432,8.329999923706055,47.82,16.43
1686,5.28028766,37.96860317,5.159999847412109,20.420000076293945,58.32,-39.65
11060,35.58931055,55.84565348,5.159999847412109,1.590000033378601,0.36,-1.19
13717,44.15593438,-3.71231988,5.159999847412109,17.280000686645508,-35.75,-43.31
15404,49.65725554,50.22217425,5.159999847412109,6.179999828338623,22.45,-25.1
27621,87.72175357,-52.10887273,5.159999847412109,12.329999923706055,2.42,-76.29
2381,7.59439188,-23.78768034,5.170000076293945,18.079999923706055,-26.95,13.97
3909,12.53162924,-10.64432569,5.170000076293945,64.69000244140625,-224.67,-228.44
5336,17.06830755,54.92033969,5.170000076293945,132.39999389648438,3421.44,-1599.27
12273,39.50846272,72.81825166,5.170000076293945,12.729999542236328,-28.9,15.16
12832,41.23992306,12.44576098,5.170000076293945,26.149999618530273,124.1,-84.8
20507,65.92021811,-3.74547033,5.170000076293945,15.65999984741211,-47.92,-56.73
1708,5.37999249,-28.98146883,5.179999828338623,10.5,32.77,-71.48
2225,7.05689073,44.39445199,5.179999828338623,12.319999694824219,84.1,-15.33
8016,25.73276503,70.6225257,5.179999828338623,11.619999885559082,76.62,-13.62
19171,61.651719,27.59990322,5.179999828338623,6.599999904632568,22.13,-50.18
22833,73.69540365,11.42600649,5.179999828338623,13.539999961853027,-16.31,13.63
24197,77.92318143,16.04567302,5.179999828338623,10.149999618530273,3.46,6.32
25918,82.97089829,-76.340964,5.179999828338623,32.43000030517578,143.2,287.75
26640,84.93416238,25.89709109,5.179999828338623,6.579999923706055,9.75,-23.79
27204,86.49956252,-32.30643495,5.179999828338623,2.5199999809265137,3.01,-22.62
11072,35.63561159,-23.81632609,5.190000057220459,45.599998474121094,197.34,-4.39
11220,36.10381778,50.00654619,5.190000057220459,8.6899995803833,24.54,-35.79
23840,76.89178129,-63.39967892,5.190000057220459,5.199999809265137,12.57,-44.74
2355,7.53068761,29.75155669,5.199999809265137,17.6200008392334,43.56,-57.18
2762,8.81199674,-3.59284649,5.199999809265137,47.5099983215332,407.68,-36.47
19949,64.17953476,53.6117991,5.199999809265137,9.239999771118164,-16.99,-1.68
21296,68.54845226,-8.23135239,5.199999809265137,4.050000190734863,-22.42,2.88
5300,16.94938882,-41.48691608,5.210000038146973,16.479999542236328,36.0,7.85
5737,18.4328572,7.57535376,5.210000038146973,22.09000015258789,141.66,-55.62
12484,40.1650536,-54.54991148,5.210000038146973,20.489999771118164,32.76,5.24
19205,61.75189443,29.00129953,5.210000038146973,36.2599983215332,-94.03,4.9
3505,11.18498226,-22.00613523,5.21999979019165,35.91999816894531,-66.07,81.15
9763,31.38145064,76.11506048,5.21999979019165,7.650000095367432,-12.19,-20.49
13874,44.67532015,-2.78287686,5.21999979019165,10.199999809265137,-28.7,-62.96
19799,63.65097556,10.01140644,5.21999979019165,6.880000114440918,-6.57,-13.44
21547,69.4005496,-2.47354823,5.21999979019165,33.599998474121094,43.32,-64.23
23734,76.53521982,58.97237221,5.21999979019165,4.860000133514404,-6.16,-7.67
25048,80.45173208,41.80457259,5.21999979019165,5.079999923706055,13.42,-37.38
6315,20.28072053,28.73820708,5.230000019073486,9.489999771118164,28.53,-75.19
10306,33.20035634,21.21099307,5.230000019073486,33.189998626708984,162.52,4.07
14456,46.63955128,-6.08855469,5.230000019073486,6.099999904632568,7.12,-5.11
950,2.93336928,-35.13311958,5.239999771118164,45.849998474121094,169.01,113.75
3949,12.6716101,-50.98681565,5.239999771118164,13.0600004196167,62.99,44.67
7981,25.62400804,20.26850445,5.239999771118164,133.91000366210938,-302.12,-677.4
14043,45.21755767,52.35174424,5.239999771118164,4.099999904632568,31.2,-21.99
15371,49.55341226,-62.50636301,5.239999771118164,82.79000091552734,1331.1,646.84
16803,54.07255242,-17.46706452,5.239999771118164,6.889999866485596,33.35,-9.65
17457,56.12712547,-1.16309122,5.239999771118164,4.989999771118164,3.62,-5.26
17717,56.91521237,-23.8746767,5.239999771118164,11.979999542236328,48.02,49.01
17954,57.57890965,25.57936194,5.239999771118164,16.959999084472656,36.37,-117.95
20384,65.47219466,-63.38639132,5.239999771118164,8.579999923706055,85.2,174.37
21297,68.54904299,-8.97025763,5.239999771118164,4.960000038146973,-36.27,-112.18
25197,80.86601143,57.54439534,5.239999771118164,9.59000015258789,14.94,-55.97
26268,83.91451758,-4.85606663,5.239999771118164,8.800000190734863,-1.44,8.05
7955,25.53580826,-32.32697025,5.25,15.020000457763672,-74.79,-46.35
10559,33.98451972,33.35889507,5.25,11.130000114440918,-14.86,-33.25
13141,42.25619836,-62.80652153,5.25,19.729999542236328,94.53,29.02
25202,80.87565198,-13.92735207,5.25,1.7999999523162842,1.07,-0.92
13165,42.32316638,17.46430897,5.260000228881836,5.409999847412109,3.65,-14.61
14293,46.06881559,-7.60085702,5.260000228881836,23.219999313354492,65.43,17.41
20261,65.15129355,15.09545334,5.260000228881836,21.200000762939453,108.79,-20.67
20266,65.16802237,65.14044145,5.260000228881836,9.800000190734863,-28.52,-4.7
27386,87.00097591,6.45415624,5.260000228881836,6.800000190734863,4.05,-22.2
6999,22.52542734,47.00727374,5.269999980926514,11.260000228881836,0.64,-42.53
9727,31.28092264,77.28134094,5.269999980926514,29.799999237060547,138.9,-47.56
10320,33.22696028,-30.72382514,5.269999980926514,9.819999694824219,15.32,7.15
11738,37.87539846,2.26718161,5.269999980926514,6.849999904632568,22.75,-10.4
11757,37.91893415,-79.10938186,5.269999980926514,11.180000305175781,137.14,-54.42
15627,50.30676875,21.1470861,5.269999980926514,7.059999942779541,21.68,-22.41
20641,66.35423116,22.19999802,5.269999980926514,22.649999618530273,112.45,-47.06
7650,24.62882287,73.04003987,5.28000020980835,7.300000190734863,-11.81,-13.23
18453,59.15217692,50.69538082,5.28000020980835,24.510000228881836,94.13,-127.9
18788,60.38354244,-1.54965977,5.28000020980835,7.199999809265137,27.96,-13.79
22040,71.08813792,-59.73273311,5.28000020980835,14.65999984741211,29.32,44.19
23871,76.95165826,20.4183787,5.28000020980835,18.799999237060547,-49.12,-31.33
26460,84.43590756,-28.68969042,5.28000020980835,23.540000915527344,-37.99,42.58
27364,86.92877898,13.8995995,5.28000020980835,4.079999923706055,3.52,-13.27
814,2.50906524,-82.22404699,5.289999961853027,13.449999809265137,-21.66,-20.39
983,3.04160825,-17.93827767,5.289999961853027,5.329999923706055,60.48,-24.69
8209,26.41148804,-25.05260995,5.289999961853027,36.459999084472656,159.48,-72.38
9312,29.90849238,64.62160195,5.289999961853027,12.6899995803833,35.76,-15.22
10793,34.73747203,28.64267401,5.289999961853027,9.3100004196167,6.72,-0.04
11021,35.48594668,0.39567548,5.289999961853027,2.490000009536743,-13.41,-6.81
11486,37.041585,29.66933047,5.289999961853027,21.010000228881836,-14.81,-85.5
19719,63.38793263,7.71604492,5.289999961853027,27.040000915527344,-3.99,4.45
20704,66.52629107,31.43891123,5.289999961853027,13.420000076293945,76.7,-121.54
22287,72.00113806,56.75718336,5.289999961853027,20.1200008392334,53.02,-146.4
24873,79.99593136,-12.31558519,5.289999961853027,9.829999923706055,-12.12,7.97
26868,85.56331056,-34.66781208,5.289999961853027,8.989999771118164,5.06,51.3
27947,88.70871631,-52.63548078,5.289999961853027,28.649999618530273,-17.21,243.54
3231,10.2799355,39.45866407,5.300000190734863,9.470000267028809,-14.37,-3.02
12225,39.3515484,-52.5430859,5.300000190734863,22.489999771118164,111.29,1.05
12489,40.17114788,27.0609427,5.300000190734863,13.970000267028809,64.49,-27.29
16499,53.10941575,46.0568617,5.300000190734863,27.459999084472656,-52.77,-74.74
21914,70.69343174,-50.48133388,5.300000190734863,9.5,-35.9,34.63
21928,70.72636135,43.36513795,5.300000190734863,12.020000457763672,34.7,-52.07
23467,75.67916017,-71.31430012,5.300000190734863,5.079999923706055,-3.54,10.68
10366,33.40142588,51.0658183,5.309999942779541,16.389999389648438,347.43,-170.79
10819,34.81998296,47.37997309,5.309999942779541,12.770000457763672,-60.05,-6.06
27243,86.61405275,-46.59718043,5.309999942779541,7.090000152587891,7.8,16.33
5518,17.66384307,68.7786208,5.320000171661377,10.260000228881836,35.26,-27.48
14168,45.67614498,-7.68547178,5.320000171661377,12.649999618530273,26.33,-3.55
15770,50.80497871,49.21326943,5.320000171661377,5.21999979019165,20.7,-24.96
18957,60.93585228,5.43562441,5.320000171661377,3.119999885559082,1.23,-5.4
21515,69.30697237,0.99831413,5.320000171661377,3.8499999046325684,-4.91,-5.34
26126,83.56988721,3.7668951,5.320000171661377,9.449999809265137,-29.35,-15.82
5131,16.42064722,21.47318139,5.329999923706055,13.670000076293945,44.3,-14.32
20161,64.81956921,-44.26791929,5.329999923706055,14.100000381469727,63.14,-36.63
22730,73.34488587,2.50822505,5.329999923706055,5.110000133514404,29.67,-16.4
22834,73.69908791,7.77909728,5.329999923706055,7.389999866485596,-21.74,-27.14
23879,76.97039079,8.49842889,5.329999923706055,16.84000015258789,34.96,-59.49
9440,30.31134638,-30.00183025,5.340000152587891,11.710000038146973,-108.68,-108.79
13490,43.42755662,38.33748839,5.340000152587891,13.869999885559082,47.62,-78.48
17563,56.41851045,6.04999111,5.340000152587891,5.539999961853027,20.61,-15.61
20186,64.90294037,21.77349114,5.340000152587891,10.319999694824219,29.77,-41.39
24817,79.79674571,2.59580646,5.340000152587891,16.469999313354492,-18.14,-53.3
25980,83.17230526,-1.59183113,5.340000152587891,1.2699999809265137,-2.03,0.74
26001,83.24820465,-64.22751731,5.340000152587891,14.069999694824219,33.1,-1.27
3951,12.68171635,64.24754961,5.349999904632568,4.010000228881836,29.39,-12.85
4371,14.00620874,-11.26652632,5.349999904632568,6.239999771118164,-26.79,-8.01
6706,21.56359189,19.17234565,5.349999904632568,38.349998474121094,-26.8,10.16
22157,71.50725414,11.70559099,5.349999904632568,12.239999771118164,67.48,-7.09
3138,9.981549,21.4384951,5.360000133514404,7.940000057220459,28.46,-28.51
3632,11.63732574,15.47550446,5.360000133514404,5.550000190734863,-29.45,-44.22
5268,16.82776521,-61.77528929,5.360000133514404,11.680000305175781,73.79,-11.24
11258,36.22462811,-60.31194752,5.360000133514404,20.399999618530273,-71.08,-131.04
11791,38.03925366,-1.03489611,5.360000133514404,12.270000457763672,-26.47,-32.34
18993,61.0411457,2.82694713,5.360000133514404,28.8700008392334,149.52,-125.67
21730,69.99195325,53.47302066,5.360000133514404,11.760000228881836,35.88,-88.79
26063,83.38102748,-1.15607281,5.360000133514404,1.7599999904632568,-0.55,-0.49
27658,87.8415992,-7.51800295,5.360000133514404,1.940000057220459,0.75,-0.18
8230,26.49691854,-5.73329912,5.369999885559082,6.400000095367432,-9.09,-29.69
23482,75.70285908,-49.15140722,5.369999885559082,38.189998626708984,-43.96,27.18
26248,83.86304209,24.03958878,5.369999885559082,5.440000057220459,14.98,-20.22
1645,5.1494233,8.19027134,5.380000114440918,8.260000228881836,-4.5,9.59
1960,6.19793946,61.83105752,5.380000114440918,4.269999980926514,13.67,-2.45
2568,8.14785798,20.29431643,5.380000114440918,12.6899995803833,136.81,-48.1
3330,10.61822148,-65.46803008,5.380000114440918,24.59000015258789,54.11,41.12
12086,38.94504727,34.68755845,5.380000114440918,-0.6000000238418579,19.55,-51.2
18859,60.65310384,-0.26892309,5.380000114440918,52.0,151.2,-252.03
20264,65.16255613,-20.63962187,5.380000114440918,7.050000190734863,26.13,-9.4
20430,65.64559841,25.62931425,5.380000114440918,12.1899995803833,20.37,-17.88
21670,69.77565406,7.87097645,5.380000114440918,19.440000534057617,91.87,-4.56
24799,79.75012031,33.74839374,5.380000114440918,7.28000020980835,13.62,-29.63
4890,15.70495781,-46.39731137,5.389999866485596,13.859999656677246,-2.21,10.96
13202,42.47575765,-27.94198156,5.389999866485596,5.880000114440918,46.55,22.19
18396,58.99238825,47.87142,5.389999866485596,3.859999895095825,17.57,-20.62
19513,62.70775376,26.48095174,5.389999866485596,16.719999313354492,-30.81,-36.1
22044,71.10761816,11.14613659,5.389999866485596,20.729999542236328,98.87,-13.47
23221,74.96021841,-10.26332504,5.389999866485596,18.290000915527344,19.49,-136.75
